Variables,Site,Tide,Time,mean_vals
Salinity,BP,High,Day,34.35198836684211
Salinity,BP,High,Night,34.191575494210525
Salinity,BP,Low,Day,32.913430774
Salinity,BP,Low,Night,33.875744809
Salinity,W,High,Day,34.560070710909095
Salinity,W,High,Night,34.52849965047619
Salinity,W,Low,Day,33.16266887863637
Salinity,W,Low,Night,34.103789077
Silicate,BP,High,Day,8.748947368421053
Silicate,BP,High,Night,12.59421052631579
Silicate,BP,Low,Day,43.23266666666667
Silicate,BP,Low,Night,20.165
Silicate,W,High,Day,2.7554545454545454
Silicate,W,High,Night,3.473809523809524
Silicate,W,Low,Day,34.55136363636364
Silicate,W,Low,Night,13.1375
